name,url,username,password,note
Merei Zhaparkhanova,https://instagram.com/,mzhaparkha26@yahoo.com,ZHAPARKHANOVA04,work
Merei Zhaparkhanova,https://youtube.com/,zhaparkhanova67@gmail.com,mzhap20042004,backup
Merei Zhaparkhanova,https://netflix.com/,mzhaparkha12@gmail.com,merei04,backup
Merei Zhaparkhanova,https://github.com/,zhaparkhanovamerei62@hotmail.com,Zhaparkhanova#2004,
Merei Zhaparkhanova,https://google.com/,merei18@gmail.com,ZHAPARKHANOVAMEREI@2004,backup
Merei Zhaparkhanova,https://google.com/,merei18@gmail.com,MEREIZH!,admin
Merei Zhaparkhanova,https://instagram.com/,mzhaparkha27@hotmail.com,mereizhaparkhanova#2004,personal
Merei Zhaparkhanova,https://google.com/,zhaparkhanova27@outlook.com,MEREI_2004,
Merei Zhaparkhanova,https://github.com/,mzhap200454@hotmail.com,ZHAPARKHANOVA04,personal
Merei Zhaparkhanova,https://google.com/,mzhap200454@hotmail.com,mzhapar@2004,
Merei Zhaparkhanova,https://youtube.com/,mzhapar13@hotmail.com,MEREI#2004,personal
Merei Zhaparkhanova,https://twitter.com/,zhaparkhanovamerei62@hotmail.com,MEREI!,personal
Merei Zhaparkhanova,https://twitter.com/,mereizhaparkhanova81@hotmail.com,MereiZhaparkhanova2004!,
Merei Zhaparkhanova,https://stackoverflow.com/,zhaparkhanovamerei62@hotmail.com,mzhap20042004,personal
Merei Zhaparkhanova,https://google.com/,mzhaparkhanova6@outlook.com,MZh4p4rkh4n0v404,personal
Merei Zhaparkhanova,https://google.com/,mzhaparkha12@gmail.com,Mereizhaparkhanova2004,backup
Merei Zhaparkhanova,https://netflix.com/,merei36@outlook.com,MZhaparkha_2004,
Merei Zhaparkhanova,https://google.com/,merei2@hotmail.com,Mzhapar#2004,work
Merei Zhaparkhanova,https://youtube.com/,mzhaparkha27@hotmail.com,Mzhap20042004,work
Merei Zhaparkhanova,https://instagram.com/,mzhaparkhanova48@gmail.com,MZh4p4r2004!,personal
Merei Zhaparkhanova,https://instagram.com/,mereizh74@yahoo.com,ZHAPARKHANOVA_04,personal
Merei Zhaparkhanova,https://facebook.com/,mzhaparkhanova48@gmail.com,mzhaparkha_2004,work
Merei Zhaparkhanova,https://linkedin.com/,merei25@yahoo.com,Merei#2004,work
Merei Zhaparkhanova,https://linkedin.com/,mzhapar13@hotmail.com,mereizhaparkhanova2004,admin
Merei Zhaparkhanova,https://amazon.com/,merei18@gmail.com,MEREI2004!,admin
Merei Zhaparkhanova,https://facebook.com/,mzhaparkhanova25@yahoo.com,MEREI!,personal
Merei Zhaparkhanova,https://instagram.com/,mzhaparkhanova48@gmail.com,MZHAPARKHA2004,admin
Merei Zhaparkhanova,https://linkedin.com/,zhaparkhanovamerei62@hotmail.com,MEREI!,admin
Merei Zhaparkhanova,https://facebook.com/,mereizh33@hotmail.com,Mzhapar_2004,admin
Merei Zhaparkhanova,https://github.com/,zhaparkhanovamerei58@yahoo.com,ZHAPARKHANOVAMEREI_04,admin
Merei Zhaparkhanova,https://google.com/,zhaparkhanovamerei58@yahoo.com,MZhaparkhanova@2004,admin
Merei Zhaparkhanova,https://stackoverflow.com/,mereizhaparkhanova81@hotmail.com,ZHAPARKHANOVA@2004,
Merei Zhaparkhanova,https://amazon.com/,mzhaparkhanova22@hotmail.com,Mzhapar#2004,personal
Merei Zhaparkhanova,https://twitter.com/,merei2@hotmail.com,MZHAPARKHANOVA04,work
Merei Zhaparkhanova,https://linkedin.com/,mereizh33@hotmail.com,merei2004!,personal
Merei Zhaparkhanova,https://youtube.com/,mereizh21@gmail.com,MZHAPARKHANOVA#2004,
Merei Zhaparkhanova,https://twitter.com/,mzhaparkha26@yahoo.com,MereiZH#2004,work
Merei Zhaparkhanova,https://linkedin.com/,mereizh23@outlook.com,MZh4p2004#2004,admin
Merei Zhaparkhanova,https://instagram.com/,zhaparkhanovamerei62@hotmail.com,Zh4p4rkh4n0v4M3r3104,admin
Merei Zhaparkhanova,https://github.com/,merei36@outlook.com,merei2004!,personal
Merei Zhaparkhanova,https://google.com/,mzhaparkhanova6@outlook.com,MZh4p4rkh4@2004,
Merei Zhaparkhanova,https://netflix.com/,zhaparkhanova93@hotmail.com,merei!,backup
Merei Zhaparkhanova,https://stackoverflow.com/,merei18@gmail.com,MZh4p2004!,work
Merei Zhaparkhanova,https://facebook.com/,mzhaparkhanova25@yahoo.com,MEREI_04,work
Merei Zhaparkhanova,https://netflix.com/,mzhap200454@hotmail.com,Mzhaparkha2004!,personal
Merei Zhaparkhanova,https://stackoverflow.com/,zhaparkhanova27@outlook.com,Zhaparkhanovamerei2004,backup
Merei Zhaparkhanova,https://stackoverflow.com/,mzhapar62@outlook.com,ZHAPARKHANOVA2004!,work
Merei Zhaparkhanova,https://instagram.com/,mzhaparkhanova48@gmail.com,M3r312004,personal
Merei Zhaparkhanova,https://google.com/,merei25@yahoo.com,MEREI_04,admin
Merei Zhaparkhanova,https://instagram.com/,mzhapar19@gmail.com,M3r31Zh4p4rkh4n0v4_2004,backup
Merei Zhaparkhanova,https://netflix.com/,mzhapar10@yahoo.com,M3r31ZH!,personal
Merei Zhaparkhanova,https://google.com/,mzhapar62@outlook.com,MZh4p4r2004!,work
Merei Zhaparkhanova,https://twitter.com/,mereizh23@outlook.com,MZh4p4rkh42004!,backup
Merei Zhaparkhanova,https://youtube.com/,mzhaparkhanova48@gmail.com,MZhapar2004!,
Merei Zhaparkhanova,https://linkedin.com/,mereizh74@yahoo.com,MZh4p4r@2004,personal
Merei Zhaparkhanova,https://stackoverflow.com/,mzhaparkha26@yahoo.com,MZhaparkhanova!,personal
Merei Zhaparkhanova,https://instagram.com/,merei2@hotmail.com,ZHAPARKHANOVA_04,admin
Merei Zhaparkhanova,https://stackoverflow.com/,merei36@outlook.com,Merei_04,personal
Merei Zhaparkhanova,https://linkedin.com/,mzhap200489@gmail.com,MZhaparkha2004,
Merei Zhaparkhanova,https://instagram.com/,mzhaparkha24@outlook.com,MZHAPARKHA@2004,backup
Merei Zhaparkhanova,https://youtube.com/,zhaparkhanovamerei58@yahoo.com,mzhaparkhanova2004!,work
Merei Zhaparkhanova,https://instagram.com/,mereizh23@outlook.com,MereiZH2004!,work
Merei Zhaparkhanova,https://github.com/,mereizh21@gmail.com,Mzhaparkhanova04,
Merei Zhaparkhanova,https://youtube.com/,merei18@gmail.com,MereiZH!,
Merei Zhaparkhanova,https://instagram.com/,mzhap200491@yahoo.com,MZHAPARKHANOVA_04,personal
Merei Zhaparkhanova,https://facebook.com/,mzhap200454@hotmail.com,ZhaparkhanovaMerei2004!,admin
Merei Zhaparkhanova,https://stackoverflow.com/,zhaparkhanovamerei58@yahoo.com,MZhaparkha2004!,admin
Merei Zhaparkhanova,https://youtube.com/,mzhap200486@outlook.com,ZhaparkhanovaMerei_2004,backup
Merei Zhaparkhanova,https://stackoverflow.com/,mzhap200486@outlook.com,MZhap20042004!,admin
Merei Zhaparkhanova,https://facebook.com/,merei2@hotmail.com,mzhaparkha!,backup
Merei Zhaparkhanova,https://stackoverflow.com/,mzhapar62@outlook.com,MZhapar!,backup
Merei Zhaparkhanova,https://github.com/,mzhapar10@yahoo.com,Mzhap2004_04,work
Merei Zhaparkhanova,https://linkedin.com/,mzhaparkha26@yahoo.com,MZHAPARKHA04,personal
Merei Zhaparkhanova,https://linkedin.com/,mzhaparkha26@yahoo.com,Mzhap2004@2004,backup
Merei Zhaparkhanova,https://linkedin.com/,zhaparkhanova44@yahoo.com,MZh4p4rkh4_2004,backup
Merei Zhaparkhanova,https://stackoverflow.com/,zhaparkhanova93@hotmail.com,Mereizhaparkhanova2004,personal
Merei Zhaparkhanova,https://google.com/,mzhaparkha26@yahoo.com,MZhap20042004,work
Merei Zhaparkhanova,https://amazon.com/,merei25@yahoo.com,M3r31ZH2004!,backup
Merei Zhaparkhanova,https://linkedin.com/,zhaparkhanova67@gmail.com,M3r31#2004,work
Merei Zhaparkhanova,https://linkedin.com/,mzhaparkhanova6@outlook.com,mzhap20042004,backup
Merei Zhaparkhanova,https://instagram.com/,zhaparkhanova67@gmail.com,mzhap2004@2004,personal
Merei Zhaparkhanova,https://twitter.com/,mereizh23@outlook.com,MereiZhaparkhanova04,personal
Merei Zhaparkhanova,https://instagram.com/,mzhaparkhanova6@outlook.com,MZHAPARKHA2004,admin
Merei Zhaparkhanova,https://google.com/,mzhaparkha26@yahoo.com,M3r31_04,personal
Merei Zhaparkhanova,https://netflix.com/,mzhapar13@hotmail.com,MZh4p4rkh4n0v4@2004,
Merei Zhaparkhanova,https://facebook.com/,mereizhaparkhanova1@outlook.com,M3r31Zh4p4rkh4n0v42004!,backup
Merei Zhaparkhanova,https://facebook.com/,mzhaparkhanova22@hotmail.com,MZHAPARKHANOVA2004!,admin
Merei Zhaparkhanova,https://youtube.com/,zhaparkhanova67@gmail.com,MZHAPARKHANOVA2004!,
Merei Zhaparkhanova,https://netflix.com/,mzhaparkha24@outlook.com,Zh4p4rkh4n0v4M3r31_04,
Merei Zhaparkhanova,https://google.com/,merei36@outlook.com,ZHAPARKHANOVAMEREI!,backup
Merei Zhaparkhanova,https://instagram.com/,mereizh21@gmail.com,Mereizhaparkhanova!,admin
Merei Zhaparkhanova,https://stackoverflow.com/,mzhaparkhanova22@hotmail.com,MZHAPAR!,personal
Merei Zhaparkhanova,https://linkedin.com/,mzhaparkhanova22@hotmail.com,MZh4p20042004,work
Merei Zhaparkhanova,https://youtube.com/,mzhaparkha24@outlook.com,MZhapar_04,work
Merei Zhaparkhanova,https://amazon.com/,mereizhaparkhanova57@yahoo.com,Mzhaparkhanova04,work
Merei Zhaparkhanova,https://instagram.com/,mzhapar62@outlook.com,MZhaparkha2004,backup
Merei Zhaparkhanova,https://amazon.com/,mzhap200491@yahoo.com,zhaparkhanova_04,admin
Merei Zhaparkhanova,https://instagram.com/,mereizh33@hotmail.com,Mzhaparkha@2004,personal
Merei Zhaparkhanova,https://amazon.com/,mereizhaparkhanova1@outlook.com,MZHAPARKHANOVA04,
Merei Zhaparkhanova,https://netflix.com/,zhaparkhanovamerei43@outlook.com,mzhaparkha_2004,work
Merei Zhaparkhanova,https://twitter.com/,merei36@outlook.com,MEREIZH04,personal
Merei Zhaparkhanova,https://amazon.com/,zhaparkhanovamerei62@hotmail.com,Mzhap2004@2004,
Merei Zhaparkhanova,https://amazon.com/,mereizh74@yahoo.com,MZh4p4rkh4n0v42004,
Merei Zhaparkhanova,https://youtube.com/,merei25@yahoo.com,MZh4p2004@2004,
Merei Zhaparkhanova,https://youtube.com/,zhaparkhanovamerei58@yahoo.com,MZHAP200404,work
Merei Zhaparkhanova,https://netflix.com/,mereizh74@yahoo.com,mereizh_2004,personal
Merei Zhaparkhanova,https://stackoverflow.com/,mzhap200486@outlook.com,Zhaparkhanova@2004,admin
Merei Zhaparkhanova,https://instagram.com/,merei2@hotmail.com,mzhapar#2004,backup
Merei Zhaparkhanova,https://google.com/,mzhaparkha27@hotmail.com,MZh4p4rkh4n0v404,work
Merei Zhaparkhanova,https://instagram.com/,merei36@outlook.com,MZHAPAR2004,personal
Merei Zhaparkhanova,https://youtube.com/,mzhaparkha26@yahoo.com,mereizhaparkhanova2004,
Merei Zhaparkhanova,https://stackoverflow.com/,mzhaparkhanova6@outlook.com,MZh4p4r_2004,personal
Merei Zhaparkhanova,https://linkedin.com/,mzhaparkha27@hotmail.com,mzhapar#2004,
Merei Zhaparkhanova,https://linkedin.com/,merei18@gmail.com,mzhapar@2004,admin
Merei Zhaparkhanova,https://facebook.com/,mzhapar13@hotmail.com,Mzhaparkhanova_04,
Merei Zhaparkhanova,https://twitter.com/,mereizh33@hotmail.com,MZHAPAR#2004,
Merei Zhaparkhanova,https://stackoverflow.com/,zhaparkhanovamerei62@hotmail.com,MZhaparkhanova04,backup
Merei Zhaparkhanova,https://stackoverflow.com/,mzhaparkhanova6@outlook.com,merei@2004,work
Merei Zhaparkhanova,https://instagram.com/,mereizhaparkhanova81@hotmail.com,MEREIZHAPARKHANOVA2004!,
Merei Zhaparkhanova,https://linkedin.com/,merei2@hotmail.com,zhaparkhanovamerei2004,backup
Merei Zhaparkhanova,https://amazon.com/,mzhapar19@gmail.com,MZhapar!,
Merei Zhaparkhanova,https://youtube.com/,zhaparkhanovamerei58@yahoo.com,MEREIZH_04,admin
Merei Zhaparkhanova,https://facebook.com/,mzhap200454@hotmail.com,Zhaparkhanova#2004,admin
Merei Zhaparkhanova,https://facebook.com/,mereizhaparkhanova81@hotmail.com,MEREI@2004,work
Merei Zhaparkhanova,https://stackoverflow.com/,mereizh23@outlook.com,MZh4p4rkh404,
Merei Zhaparkhanova,https://github.com/,mzhap200489@gmail.com,MEREIZHAPARKHANOVA_04,backup
Merei Zhaparkhanova,https://instagram.com/,zhaparkhanova27@outlook.com,Zhaparkhanovamerei@2004,backup
Merei Zhaparkhanova,https://instagram.com/,mereizhaparkhanova1@outlook.com,Zhaparkhanova2004,personal
Merei Zhaparkhanova,https://netflix.com/,merei25@yahoo.com,mzhaparkha2004,
Merei Zhaparkhanova,https://google.com/,mzhaparkhanova6@outlook.com,mzhaparkhanova@2004,work
Merei Zhaparkhanova,https://github.com/,mzhapar62@outlook.com,Mereizhaparkhanova@2004,personal
Merei Zhaparkhanova,https://facebook.com/,mzhap200486@outlook.com,MZh4p4rkh4n0v4#2004,work
Merei Zhaparkhanova,https://instagram.com/,merei36@outlook.com,MZhap20042004,backup
Merei Zhaparkhanova,https://facebook.com/,mzhaparkha27@hotmail.com,MereiZhaparkhanova@2004,personal
Merei Zhaparkhanova,https://stackoverflow.com/,zhaparkhanova44@yahoo.com,Zhaparkhanova_2004,
Merei Zhaparkhanova,https://google.com/,mereizhaparkhanova57@yahoo.com,mereizh!,
Merei Zhaparkhanova,https://facebook.com/,mzhapar13@hotmail.com,mzhaparkhanova_2004,work
Merei Zhaparkhanova,https://twitter.com/,zhaparkhanovamerei43@outlook.com,MEREIZH#2004,personal
Merei Zhaparkhanova,https://amazon.com/,mzhap200454@hotmail.com,zhaparkhanovamerei2004!,personal
Merei Zhaparkhanova,https://stackoverflow.com/,mzhapar13@hotmail.com,MZh4p4rkh4!,work
Merei Zhaparkhanova,https://amazon.com/,zhaparkhanovamerei38@gmail.com,ZhaparkhanovaMerei#2004,personal
Merei Zhaparkhanova,https://youtube.com/,mzhaparkhanova48@gmail.com,mzhap20042004!,personal
Merei Zhaparkhanova,https://netflix.com/,zhaparkhanovamerei38@gmail.com,MZHAPARKHA!,personal
Merei Zhaparkhanova,https://facebook.com/,zhaparkhanovamerei58@yahoo.com,mzhapar#2004,backup
Merei Zhaparkhanova,https://stackoverflow.com/,mzhaparkhanova6@outlook.com,mereizhaparkhanova04,admin
Merei Zhaparkhanova,https://stackoverflow.com/,zhaparkhanovamerei43@outlook.com,Mereizh@2004,personal
Merei Zhaparkhanova,https://instagram.com/,mzhaparkha24@outlook.com,ZHAPARKHANOVA04,
Merei Zhaparkhanova,https://netflix.com/,merei2@hotmail.com,MZh4p2004!,personal
Merei Zhaparkhanova,https://linkedin.com/,zhaparkhanovamerei43@outlook.com,zhaparkhanova04,
Merei Zhaparkhanova,https://facebook.com/,merei2@hotmail.com,MZhapar#2004,personal
Merei Zhaparkhanova,https://facebook.com/,mzhaparkhanova25@yahoo.com,MZh4p4r!,work
Merei Zhaparkhanova,https://twitter.com/,merei25@yahoo.com,MZHAPAR04,admin
Merei Zhaparkhanova,https://github.com/,mereizh33@hotmail.com,mzhap2004_2004,admin
Merei Zhaparkhanova,https://stackoverflow.com/,mzhaparkhanova22@hotmail.com,MEREIZHAPARKHANOVA!,admin
Merei Zhaparkhanova,https://youtube.com/,mereizh23@outlook.com,MZh4p4rkh4@2004,personal
Merei Zhaparkhanova,https://twitter.com/,zhaparkhanovamerei43@outlook.com,MZhaparkhanova2004!,admin
Merei Zhaparkhanova,https://linkedin.com/,zhaparkhanovamerei43@outlook.com,MZHAPARKHA04,backup
Merei Zhaparkhanova,https://amazon.com/,zhaparkhanova67@gmail.com,M3r31Zh4p4rkh4n0v404,admin
Merei Zhaparkhanova,https://linkedin.com/,mereizh23@outlook.com,MZhaparkhanova@2004,personal
Merei Zhaparkhanova,https://netflix.com/,mzhaparkhanova22@hotmail.com,MereiZhaparkhanova_2004,personal
Merei Zhaparkhanova,https://stackoverflow.com/,mereizhaparkhanova1@outlook.com,ZHAPARKHANOVAMEREI@2004,admin
Merei Zhaparkhanova,https://stackoverflow.com/,mzhap200454@hotmail.com,ZhaparkhanovaMerei_04,personal
Merei Zhaparkhanova,https://google.com/,mereizh74@yahoo.com,M3r31ZH04,
Merei Zhaparkhanova,https://stackoverflow.com/,zhaparkhanova44@yahoo.com,ZHAPARKHANOVA#2004,admin
Merei Zhaparkhanova,https://netflix.com/,mzhapar13@hotmail.com,Zh4p4rkh4n0v4M3r31_04,backup
Merei Zhaparkhanova,https://twitter.com/,mzhap200454@hotmail.com,ZHAPARKHANOVAMEREI04,
Merei Zhaparkhanova,https://instagram.com/,mzhaparkhanova25@yahoo.com,Mzhapar_2004,admin
Merei Zhaparkhanova,https://amazon.com/,mzhaparkhanova25@yahoo.com,Mzhaparkhanova04,work
Merei Zhaparkhanova,https://twitter.com/,mzhaparkhanova22@hotmail.com,merei!,backup
Merei Zhaparkhanova,https://facebook.com/,mzhaparkha24@outlook.com,MEREI2004,backup
Merei Zhaparkhanova,https://netflix.com/,zhaparkhanovamerei43@outlook.com,M3r31_04,work
Merei Zhaparkhanova,https://instagram.com/,mzhaparkhanova6@outlook.com,MZhaparkha!,backup
Merei Zhaparkhanova,https://netflix.com/,mereizh23@outlook.com,Mzhaparkhanova_2004,admin
Merei Zhaparkhanova,https://amazon.com/,mzhaparkhanova48@gmail.com,MZh4p2004_2004,
Merei Zhaparkhanova,https://stackoverflow.com/,mzhap200486@outlook.com,Merei#2004,
Merei Zhaparkhanova,https://google.com/,mzhapar13@hotmail.com,Zhaparkhanovamerei_04,admin
Merei Zhaparkhanova,https://netflix.com/,mzhaparkha27@hotmail.com,MereiZhaparkhanova!,personal
Merei Zhaparkhanova,https://instagram.com/,zhaparkhanovamerei62@hotmail.com,MZh4p4r2004!,backup
Merei Zhaparkhanova,https://netflix.com/,mzhap200454@hotmail.com,MZh4p4rkh4_2004,work
Merei Zhaparkhanova,https://google.com/,merei2@hotmail.com,MZhap200404,work
Merei Zhaparkhanova,https://linkedin.com/,zhaparkhanovamerei43@outlook.com,Mzhaparkha2004!,admin
Merei Zhaparkhanova,https://amazon.com/,zhaparkhanovamerei58@yahoo.com,Mzhap200404,
Merei Zhaparkhanova,https://github.com/,mereizh74@yahoo.com,mzhapar04,backup
Merei Zhaparkhanova,https://youtube.com/,mzhaparkhanova48@gmail.com,MEREIZHAPARKHANOVA2004!,admin
Merei Zhaparkhanova,https://github.com/,mereizhaparkhanova11@gmail.com,Mereizh_04,personal
Merei Zhaparkhanova,https://twitter.com/,zhaparkhanovamerei43@outlook.com,MereiZhaparkhanova_04,backup
Merei Zhaparkhanova,https://facebook.com/,merei2@hotmail.com,Mzhaparkha2004!,admin
Merei Zhaparkhanova,https://netflix.com/,mzhapar10@yahoo.com,MZh4p4rkh4!,personal
Merei Zhaparkhanova,https://youtube.com/,zhaparkhanovamerei62@hotmail.com,MZHAPAR#2004,work
Merei Zhaparkhanova,https://amazon.com/,mzhaparkha26@yahoo.com,mzhaparkha@2004,
Merei Zhaparkhanova,https://twitter.com/,mzhaparkhanova6@outlook.com,MereiZH_2004,work
Merei Zhaparkhanova,https://facebook.com/,mzhaparkha24@outlook.com,Zhaparkhanova2004!,work
Merei Zhaparkhanova,https://stackoverflow.com/,merei18@gmail.com,MZh4p4rkh4n0v42004!,personal
Merei Zhaparkhanova,https://stackoverflow.com/,mereizh23@outlook.com,Mereizhaparkhanova#2004,backup
Merei Zhaparkhanova,https://instagram.com/,mzhaparkha26@yahoo.com,Mzhapar#2004,backup
Merei Zhaparkhanova,https://instagram.com/,zhaparkhanova27@outlook.com,M3r31Zh4p4rkh4n0v4!,work
Merei Zhaparkhanova,https://amazon.com/,mzhaparkhanova22@hotmail.com,M3r31@2004,admin
Merei Zhaparkhanova,https://instagram.com/,mereizh23@outlook.com,ZhaparkhanovaMerei@2004,work
Merei Zhaparkhanova,https://youtube.com/,mereizhaparkhanova57@yahoo.com,Zh4p4rkh4n0v4M3r31#2004,admin
Merei Zhaparkhanova,https://linkedin.com/,zhaparkhanovamerei43@outlook.com,MZHAPARKHANOVA_2004,
Merei Zhaparkhanova,https://stackoverflow.com/,zhaparkhanova44@yahoo.com,zhaparkhanovamerei@2004,backup
Merei Zhaparkhanova,https://github.com/,mzhap200491@yahoo.com,MZhaparkha2004,admin
Merei Zhaparkhanova,https://youtube.com/,mzhap200454@hotmail.com,ZhaparkhanovaMerei_04,personal
Merei Zhaparkhanova,https://amazon.com/,merei2@hotmail.com,MZHAPAR@2004,personal
Merei Zhaparkhanova,https://stackoverflow.com/,mzhap200486@outlook.com,Zh4p4rkh4n0v4M3r31_04,
Merei Zhaparkhanova,https://twitter.com/,mzhaparkha26@yahoo.com,MZHAP2004_2004,personal
Merei Zhaparkhanova,https://twitter.com/,mzhap200454@hotmail.com,ZhaparkhanovaMerei#2004,admin
Merei Zhaparkhanova,https://twitter.com/,mzhapar19@gmail.com,mzhapar2004,backup
Merei Zhaparkhanova,https://youtube.com/,mzhapar62@outlook.com,Zh4p4rkh4n0v4M3r312004,
Merei Zhaparkhanova,https://twitter.com/,mzhaparkha12@gmail.com,MereiZhaparkhanova#2004,backup
Merei Zhaparkhanova,https://github.com/,merei36@outlook.com,MEREI_04,work
Merei Zhaparkhanova,https://youtube.com/,mzhaparkha27@hotmail.com,MZHAPAR!,admin
Merei Zhaparkhanova,https://twitter.com/,mzhaparkhanova48@gmail.com,Mzhaparkhanova!,work
Merei Zhaparkhanova,https://amazon.com/,zhaparkhanova67@gmail.com,Mereizhaparkhanova2004,work
Merei Zhaparkhanova,https://github.com/,mzhap200489@gmail.com,Mzhapar@2004,admin
Merei Zhaparkhanova,https://github.com/,merei25@yahoo.com,Zh4p4rkh4n0v4M3r31!,backup
Merei Zhaparkhanova,https://twitter.com/,zhaparkhanova27@outlook.com,merei@2004,personal
Merei Zhaparkhanova,https://stackoverflow.com/,merei2@hotmail.com,mereizhaparkhanova2004!,personal
Merei Zhaparkhanova,https://instagram.com/,merei36@outlook.com,MZhaparkha2004,backup
Merei Zhaparkhanova,https://amazon.com/,mzhapar13@hotmail.com,mzhap20042004,personal
Merei Zhaparkhanova,https://google.com/,mzhapar10@yahoo.com,ZHAPARKHANOVA_04,admin
Merei Zhaparkhanova,https://twitter.com/,mzhaparkhanova22@hotmail.com,MZh4p4r_04,admin
Merei Zhaparkhanova,https://netflix.com/,mereizh23@outlook.com,M3r31ZH04,backup
Merei Zhaparkhanova,https://facebook.com/,mzhap200486@outlook.com,Mzhaparkhanova#2004,personal
Merei Zhaparkhanova,https://facebook.com/,zhaparkhanovamerei38@gmail.com,MZhap2004#2004,backup
Merei Zhaparkhanova,https://stackoverflow.com/,mzhapar13@hotmail.com,MereiZH_04,backup
Merei Zhaparkhanova,https://twitter.com/,zhaparkhanovamerei58@yahoo.com,Mzhap2004_04,personal
Merei Zhaparkhanova,https://amazon.com/,mzhapar13@hotmail.com,MZHAPAR_04,admin
Merei Zhaparkhanova,https://facebook.com/,zhaparkhanovamerei62@hotmail.com,M3r312004,
Merei Zhaparkhanova,https://instagram.com/,mzhapar13@hotmail.com,MZHAP2004_2004,backup
Merei Zhaparkhanova,https://linkedin.com/,mereizhaparkhanova1@outlook.com,mzhaparkha@2004,backup
Merei Zhaparkhanova,https://google.com/,mereizh21@gmail.com,zhaparkhanova_04,work
Merei Zhaparkhanova,https://stackoverflow.com/,mereizhaparkhanova11@gmail.com,mzhapar04,backup
Merei Zhaparkhanova,https://netflix.com/,zhaparkhanova93@hotmail.com,MZh4p200404,personal
Merei Zhaparkhanova,https://amazon.com/,mereizhaparkhanova57@yahoo.com,Zhaparkhanova2004!,work
Merei Zhaparkhanova,https://stackoverflow.com/,mzhap200454@hotmail.com,MZhaparkhanova04,admin
Merei Zhaparkhanova,https://stackoverflow.com/,mzhapar62@outlook.com,MZh4p4rkh4_2004,admin
Merei Zhaparkhanova,https://youtube.com/,merei2@hotmail.com,MZHAPARKHANOVA2004!,work
Merei Zhaparkhanova,https://google.com/,mzhapar62@outlook.com,ZhaparkhanovaMerei_04,backup
Merei Zhaparkhanova,https://google.com/,mzhaparkhanova25@yahoo.com,M3r31ZH@2004,backup
Merei Zhaparkhanova,https://twitter.com/,mzhaparkhanova25@yahoo.com,Mzhap2004_2004,work
Merei Zhaparkhanova,https://twitter.com/,mzhaparkha24@outlook.com,MZh4p4r#2004,backup
Merei Zhaparkhanova,https://netflix.com/,mereizh23@outlook.com,MZHAPAR!,admin
Merei Zhaparkhanova,https://youtube.com/,mereizh74@yahoo.com,MZHAP200404,work
Merei Zhaparkhanova,https://facebook.com/,mereizh23@outlook.com,MZHAPAR2004,personal
Merei Zhaparkhanova,https://twitter.com/,mzhaparkhanova25@yahoo.com,M3r31Zh4p4rkh4n0v4_04,personal
Merei Zhaparkhanova,https://stackoverflow.com/,mzhaparkhanova25@yahoo.com,Mereizhaparkhanova2004!,work
Merei Zhaparkhanova,https://instagram.com/,zhaparkhanovamerei43@outlook.com,MZhaparkha2004,
Merei Zhaparkhanova,https://stackoverflow.com/,mzhapar13@hotmail.com,MZh4p4rkh4@2004,work
Merei Zhaparkhanova,https://linkedin.com/,zhaparkhanovamerei62@hotmail.com,Zh4p4rkh4n0v4M3r312004,personal
